query_id,query_text,rank,pid,title,brand,category,sub_category,url,label
1,men full sleeve shirt cotton,1,SWSF8S5M5UYTNVQC,Full Sleeve Solid Men Sweatshirt,G,Clothing and Accessories,Winter Wear,https://www.flipkart.com/gas-full-sleeve-solid-men-sweatshirt/p/itmf8s6g4ed5daey?pid=SWSF8S5M5UYTNVQC&lid=LSTSWSF8S5M5UYTNVQCIBSYUV&marketplace=FLIPKART&srno=b_2_53&otracker=browse&fm=organic&iid=4d9c5be3-b758-4472-bcf2-7b702002ec35.SWSF8S5M5UYTNVQC.SEARCH&ssid=wdo48uk1n40000001612106333693,
1,men full sleeve shirt cotton,2,SWSF8S5QQGZZBVT6,Full Sleeve Printed Men Sweatshirt,G,Clothing and Accessories,Winter Wear,https://www.flipkart.com/gas-full-sleeve-printed-men-sweatshirt/p/itmf8szuvnyfgncg?pid=SWSF8S5QQGZZBVT6&lid=LSTSWSF8S5QQGZZBVT6TDSLKA&marketplace=FLIPKART&srno=b_1_8&otracker=browse&fm=organic&iid=d165effe-d27e-45d8-ad4e-1154f81054a0.SWSF8S5QQGZZBVT6.SEARCH&ssid=iqgnz4k4vk0000001612106332718,
1,men full sleeve shirt cotton,3,SWSFEN3XSDBGPAPF,Full Sleeve Printed Men Sweatshirt,G,Clothing and Accessories,Winter Wear,https://www.flipkart.com/gas-full-sleeve-printed-men-sweatshirt/p/itmfen3xmj754mzq?pid=SWSFEN3XSDBGPAPF&lid=LSTSWSFEN3XSDBGPAPFMYYUWT&marketplace=FLIPKART&srno=b_1_7&otracker=browse&fm=organic&iid=d165effe-d27e-45d8-ad4e-1154f81054a0.SWSFEN3XSDBGPAPF.SEARCH&ssid=iqgnz4k4vk0000001612106332718,
1,men full sleeve shirt cotton,4,JCKFWZZMPCHQA4GB,Full Sleeve Solid Men Jacket,Oka,Clothing and Accessories,Winter Wear,https://www.flipkart.com/okane-full-sleeve-solid-men-jacket/p/itm0fde63f2da0f5?pid=JCKFWZZMPCHQA4GB&lid=LSTJCKFWZZMPCHQA4GB06RL5C&marketplace=FLIPKART&srno=b_1_3&otracker=browse&fm=organic&iid=24cc8479-fee5-4da2-8c39-fbb8c53496f8.JCKFWZZMPCHQA4GB.SEARCH&ssid=erfpj653i80000001612116657288,
1,men full sleeve shirt cotton,5,JCKFX4VHHHKHXHZY,Full Sleeve Solid Men Jacket,Oka,Clothing and Accessories,Winter Wear,https://www.flipkart.com/okane-full-sleeve-solid-men-jacket/p/itm60bae2f6c26ef?pid=JCKFX4VHHHKHXHZY&lid=LSTJCKFX4VHHHKHXHZYTDGZXU&marketplace=FLIPKART&srno=b_11_406&otracker=browse&fm=organic&iid=f8b72712-5185-4f5b-bcb6-ad7d5747ecc4.JCKFX4VHHHKHXHZY.SEARCH&ssid=pek3xh2yxc0000001612116667314,
1,men full sleeve shirt cotton,6,SWSEXAHDBNJZQCTD,Full Sleeve Printed Men Sweatshirt,G,Clothing and Accessories,Winter Wear,https://www.flipkart.com/gas-full-sleeve-printed-men-sweatshirt/p/itmf3yer2kgbjyuy?pid=SWSEXAHDBNJZQCTD&lid=LSTSWSEXAHDBNJZQCTDVRGJTX&marketplace=FLIPKART&srno=b_2_51&otracker=browse&fm=organic&iid=4d9c5be3-b758-4472-bcf2-7b702002ec35.SWSEXAHDBNJZQCTD.SEARCH&ssid=wdo48uk1n40000001612106333693,
1,men full sleeve shirt cotton,7,SWSFQM6ZGJFUYNTX,Full Sleeve Printed Men Sweatshirt,M7 By Metrona,Clothing and Accessories,Winter Wear,https://www.flipkart.com/m7-metronaut-full-sleeve-printed-men-sweatshirt/p/itmfcbf2205bded9?pid=SWSFQM6ZGJFUYNTX&lid=LSTSWSFQM6ZGJFUYNTXOOKP6C&marketplace=FLIPKART&srno=b_2_65&otracker=browse&fm=organic&iid=67fda04d-297c-4539-aa4c-72459120fb1a.SWSFQM6ZGJFUYNTX.SEARCH&ssid=ed0s90b4gg0000001612113599895,
1,men full sleeve shirt cotton,8,SWSFQM6ZNYCQFYYM,Full Sleeve Printed Men Sweatshirt,M7 By Metrona,Clothing and Accessories,Winter Wear,https://www.flipkart.com/m7-metronaut-full-sleeve-printed-men-sweatshirt/p/itm5afaaa0dc19f0?pid=SWSFQM6ZNYCQFYYM&lid=LSTSWSFQM6ZNYCQFYYMY1GHHC&marketplace=FLIPKART&srno=b_2_53&otracker=browse&fm=organic&iid=67fda04d-297c-4539-aa4c-72459120fb1a.SWSFQM6ZNYCQFYYM.SEARCH&ssid=ed0s90b4gg0000001612113599895,
1,men full sleeve shirt cotton,9,JCKFX4XUHKHVHGEG,Full Sleeve Solid Men Jacket,Oka,Clothing and Accessories,Winter Wear,https://www.flipkart.com/okane-full-sleeve-solid-men-jacket/p/itmcf1687ebdf962?pid=JCKFX4XUHKHVHGEG&lid=LSTJCKFX4XUHKHVHGEGY2HKUK&marketplace=FLIPKART&srno=b_7_280&otracker=browse&fm=organic&iid=1b763745-7ae4-4262-ac89-a6e7ff1139cd.JCKFX4XUHKHVHGEG.SEARCH&ssid=pk2b9n4ukg0000001612116662961,
1,men full sleeve shirt cotton,10,SWSFKWSZFEYPNBHV,Full Sleeve Solid Men Sweatshirt,Szto,Clothing and Accessories,Winter Wear,https://www.flipkart.com/sztori-full-sleeve-solid-men-sweatshirt/p/itmd21c88f046cb3?pid=SWSFKWSZFEYPNBHV&lid=LSTSWSFKWSZFEYPNBHVZJ2YY7&marketplace=FLIPKART&srno=b_1_6&otracker=browse&fm=organic&iid=0d597a4f-fd85-47a6-882a-7e3746ed4e66.SWSFKWSZFEYPNBHV.SEARCH&ssid=jkuservvlc0000001612415491841,
2,men high waist shirt blue,1,TSHFYE75FQUVMEFK,Solid Women High Neck Black T-Shirt,Dex,Clothing and Accessories,Topwear,https://www.flipkart.com/dexus-solid-men-high-neck-black-t-shirt/p/itm6fedeafb4eea3?pid=TSHFYE75FQUVMEFK&lid=LSTTSHFYE75FQUVMEFK9EWVZ7&marketplace=FLIPKART&srno=b_1_8&otracker=browse&fm=organic&iid=c0d65bb4-28d7-40a0-bbca-eeafa4b824e5.TSHFYE75FQUVMEFK.SEARCH&ssid=4lbql7lg280000001612103423988,
2,men high waist shirt blue,2,TSHFZ969RHU94HEY,"Color Block Women High Neck Blue, Black T-Shirt",ARBO,Clothing and Accessories,Topwear,https://www.flipkart.com/arbour-color-block-men-high-neck-blue-black-t-shirt/p/itmcd78d25607c15?pid=TSHFZ969RHU94HEY&lid=LSTTSHFZ969RHU94HEYTY2NAE&marketplace=FLIPKART&srno=b_25_977&otracker=browse&fm=organic&iid=cabbc45e-d1cb-4747-9ed4-2955e0ed7dd7.TSHFZ969RHU94HEY.SEARCH&ssid=u4y4ztzlhs0000001612095929523,
2,men high waist shirt blue,3,TKPEUGRWJHEDGBZQ,Graphic Print Men Blue Track Pants,Free Authori,Clothing and Accessories,Bottomwear,https://www.flipkart.com/free-authority-graphic-print-men-blue-track-pants/p/itmf5rfdhx4ubspp?pid=TKPEUGRWJHEDGBZQ&lid=LSTTKPEUGRWJHEDGBZQQ6SQWR&marketplace=FLIPKART&srno=b_3_101&otracker=browse&fm=organic&iid=74bce45f-0ad1-47f6-80fc-6198175c742d.TKPEUGRWJHEDGBZQ.SEARCH&ssid=5e0ippcwj40000001612105857113,
2,men high waist shirt blue,4,TSHFZ969XTGJXBEH,"Color Block Women High Neck Light Blue, Black T-Shirt",ARBO,Clothing and Accessories,Topwear,https://www.flipkart.com/arbour-color-block-men-high-neck-light-blue-black-t-shirt/p/itm37b5803090464?pid=TSHFZ969XTGJXBEH&lid=LSTTSHFZ969XTGJXBEH1PCARS&marketplace=FLIPKART&srno=b_25_966&otracker=browse&fm=organic&iid=cabbc45e-d1cb-4747-9ed4-2955e0ed7dd7.TSHFZ969XTGJXBEH.SEARCH&ssid=u4y4ztzlhs0000001612095929523,
2,men high waist shirt blue,5,SRTEHZFHVH6A9XHC,"Solid Men Dark Blue Basic Shorts, Sports Shorts",TeeMoo,Clothing and Accessories,Bottomwear,https://www.flipkart.com/teemoods-solid-men-dark-blue-basic-shorts-sports-shorts/p/itmf3y2y84gxznng?pid=SRTEHZFHVH6A9XHC&lid=LSTSRTEHZFHVH6A9XHCFPDUOA&marketplace=FLIPKART&srno=b_1_13&otracker=browse&fm=organic&iid=4448bc13-3c41-4a59-8584-a811c8e4784f.SRTEHZFHVH6A9XHC.SEARCH&ssid=5yyou4hsu80000001612412157763,
2,men high waist shirt blue,6,SRTEHZFHVQGB79UU,"Solid Women Dark Blue Basic Shorts, Sports Shorts",TeeMoo,Clothing and Accessories,Bottomwear,https://www.flipkart.com/teemoods-solid-men-dark-blue-basic-shorts-sports-shorts/p/itmf3y43pbqwmaw8?pid=SRTEHZFHVQGB79UU&lid=LSTSRTEHZFHVQGB79UULJJ9FZ&marketplace=FLIPKART&srno=b_1_16&otracker=browse&fm=organic&iid=4448bc13-3c41-4a59-8584-a811c8e4784f.SRTEHZFHVQGB79UU.SEARCH&ssid=5yyou4hsu80000001612412157763,
2,men high waist shirt blue,7,TSHFZ969ZYHZY3FA,"Color Block Men High Neck Dark Blue, Maroon T-Shirt",ARBO,Clothing and Accessories,Topwear,https://www.flipkart.com/arbour-color-block-men-high-neck-dark-blue-maroon-t-shirt/p/itme318654daea2e?pid=TSHFZ969ZYHZY3FA&lid=LSTTSHFZ969ZYHZY3FAEX7TZH&marketplace=FLIPKART&srno=b_25_976&otracker=browse&fm=organic&iid=cabbc45e-d1cb-4747-9ed4-2955e0ed7dd7.TSHFZ969ZYHZY3FA.SEARCH&ssid=u4y4ztzlhs0000001612095929523,
2,men high waist shirt blue,8,TSHFZ969WZK6H2ZY,"Color Block Men High Neck Dark Blue, Maroon T-Shirt",ARBO,Clothing and Accessories,Topwear,https://www.flipkart.com/arbour-color-block-men-high-neck-dark-blue-maroon-t-shirt/p/itm26a09ae4af10a?pid=TSHFZ969WZK6H2ZY&lid=LSTTSHFZ969WZK6H2ZYPUBEIF&marketplace=FLIPKART&srno=b_24_932&otracker=browse&fm=organic&iid=a6e16661-18ff-48ee-a722-878945123da9.TSHFZ969WZK6H2ZY.SEARCH&ssid=8h3n6vhggg0000001612095928780,
2,men high waist shirt blue,9,SRTEHZFHNM2MKMM3,"Solid Men Red Basic Shorts, Sports Shorts",TeeMoo,Clothing and Accessories,Bottomwear,https://www.flipkart.com/teemoods-solid-men-red-basic-shorts-sports-shorts/p/itmf3y3gtqvz7ykn?pid=SRTEHZFHNM2MKMM3&lid=LSTSRTEHZFHNM2MKMM35C7RY8&marketplace=FLIPKART&srno=b_1_15&otracker=browse&fm=organic&iid=4448bc13-3c41-4a59-8584-a811c8e4784f.SRTEHZFHNM2MKMM3.SEARCH&ssid=5yyou4hsu80000001612412157763,
2,men high waist shirt blue,10,SRTEHZFMUYZXBMFU,"Solid Women Red Basic Shorts, Sports Shorts",TeeMoo,Clothing and Accessories,Bottomwear,https://www.flipkart.com/teemoods-solid-men-red-basic-shorts-sports-shorts/p/itmf3y2yn3hmzksn?pid=SRTEHZFMUYZXBMFU&lid=LSTSRTEHZFMUYZXBMFUVRYQPU&marketplace=FLIPKART&srno=b_1_14&otracker=browse&fm=organic&iid=4448bc13-3c41-4a59-8584-a811c8e4784f.SRTEHZFMUYZXBMFU.SEARCH&ssid=5yyou4hsu80000001612412157763,
3,women cotton kurta straight,1,KTAFPZRVBBHACXJK,Men Solid Cotton Blend Straight Kurta  (Black),ARBO,Clothing and Accessories,"Kurtas, Ethnic Sets and Bottoms",https://www.flipkart.com/arbour-men-solid-straight-kurta/p/itmac2f26ad94ad9?pid=KTAFPZRVBBHACXJK&lid=LSTKTAFPZRVBBHACXJKCICCPF&marketplace=FLIPKART&srno=b_11_407&otracker=browse&fm=organic&iid=29dda386-56e3-486c-bb03-7045b8727508.KTAFPZRVBBHACXJK.SEARCH&ssid=h4lgj2v9a80000001612095915768,
3,women cotton kurta straight,2,KTAEYRW3FSUWHXDY,Men Solid Cotton Blend Straight Kurta  (Blue),Purple Sta,Clothing and Accessories,"Kurtas, Ethnic Sets and Bottoms",https://www.flipkart.com/purple-state-men-solid-straight-kurta/p/itmeysyh2fsh2nzf?pid=KTAEYRW3FSUWHXDY&lid=LSTKTAEYRW3FSUWHXDYO4TYKF&marketplace=FLIPKART&srno=b_1_31&otracker=browse&fm=organic&iid=23ba6f30-34a9-43d0-8597-fe2e1102b1db.KTAEYRW3FSUWHXDY.SEARCH&ssid=gn74v2a8g00000001612411850315,
3,women cotton kurta straight,3,KTAEYRW6HFTEZZU4,Men Solid Cotton Blend Straight Kurta  (Black),Purple Sta,Clothing and Accessories,"Kurtas, Ethnic Sets and Bottoms",https://www.flipkart.com/purple-state-men-solid-straight-kurta/p/itmeyt6mhjuvazzc?pid=KTAEYRW6HFTEZZU4&lid=LSTKTAEYRW6HFTEZZU4IFLV1C&marketplace=FLIPKART&srno=b_3_113&otracker=browse&fm=organic&iid=c380c5f4-dbbe-4c29-bc67-8aaf1b4efcbc.KTAEYRW6HFTEZZU4.SEARCH&ssid=8ulls7kjc00000001612411852203,
3,women cotton kurta straight,4,KTAFMRFBSZ5QYCUW,Women Solid Pure Cotton Straight Kurta  (Black),Purple Sta,Clothing and Accessories,"Kurtas, Ethnic Sets and Bottoms",https://www.flipkart.com/purple-state-men-solid-straight-kurta/p/itm4847199c5ffea?pid=KTAFMRFBSZ5QYCUW&lid=LSTKTAFMRFBSZ5QYCUW8RHRIU&marketplace=FLIPKART&srno=b_1_38&otracker=browse&fm=organic&iid=23ba6f30-34a9-43d0-8597-fe2e1102b1db.KTAFMRFBSZ5QYCUW.SEARCH&ssid=gn74v2a8g00000001612411850315,
3,women cotton kurta straight,5,KTAFAKGUDJEB5DR7,Women Solid Cotton Blend Straight Kurta  (Black),Purple Sta,Clothing and Accessories,"Kurtas, Ethnic Sets and Bottoms",https://www.flipkart.com/purple-state-men-solid-straight-kurta/p/itmfakwxfecurnvm?pid=KTAFAKGUDJEB5DR7&lid=LSTKTAFAKGUDJEB5DR7OELMPQ&marketplace=FLIPKART&srno=b_3_120&otracker=browse&fm=organic&iid=c380c5f4-dbbe-4c29-bc67-8aaf1b4efcbc.KTAFAKGUDJEB5DR7.SEARCH&ssid=8ulls7kjc00000001612411852203,
3,women cotton kurta straight,6,KTAFZM3FNPJS7QUK,Women Solid Cotton Blend Straight Kurta  (Dark Blue),ARBO,Clothing and Accessories,"Kurtas, Ethnic Sets and Bottoms",https://www.flipkart.com/arbour-men-solid-straight-kurta/p/itmfb302b6eb6ef0?pid=KTAFZM3FNPJS7QUK&lid=LSTKTAFZM3FNPJS7QUKUNP74W&marketplace=FLIPKART&srno=b_1_10&otracker=browse&fm=organic&iid=71778db7-cad8-4c5d-98b8-7f7113dba3f6.KTAFZM3FNPJS7QUK.SEARCH&ssid=zvrbtzpv6o0000001612095903901,
3,women cotton kurta straight,7,KTAFZFX7HTMGQCG6,Women Solid Cotton Blend Straight Kurta  (Black),Mah,Clothing and Accessories,"Kurtas, Ethnic Sets and Bottoms",https://www.flipkart.com/mahir-men-solid-straight-kurta/p/itm35d7452cde963?pid=KTAFZFX7HTMGQCG6&lid=LSTKTAFZFX7HTMGQCG6LGIIBN&marketplace=FLIPKART&srno=b_2_56&otracker=browse&fm=organic&iid=cbcf051c-db5d-49e0-9635-f4856e918559.KTAFZFX7HTMGQCG6.SEARCH&ssid=rrij73rqgw0000001612113754809,
3,women cotton kurta straight,8,KTAFY237KWV5HMDE,Men Solid Cotton Blend Straight Kurta  (Green),ARBO,Clothing and Accessories,"Kurtas, Ethnic Sets and Bottoms",https://www.flipkart.com/arbour-men-solid-straight-kurta/p/itm387a52959991b?pid=KTAFY237KWV5HMDE&lid=LSTKTAFY237KWV5HMDE2ZLHGZ&marketplace=FLIPKART&srno=b_21_819&otracker=browse&fm=organic&iid=ea6a13b9-20c5-4722-9be9-e5f0b8d73f6b.KTAFY237KWV5HMDE.SEARCH&ssid=9f3t9gvn1s0000001612095926347,
3,women cotton kurta straight,9,KTAFZHX5QGHPT2GE,Women Solid Denim Straight Kurta  (Blue),FOREVER YOU,Clothing and Accessories,"Kurtas, Ethnic Sets and Bottoms",https://www.flipkart.com/forever-young-men-solid-straight-kurta/p/itm986528bad6289?pid=KTAFZHX5QGHPT2GE&lid=LSTKTAFZHX5QGHPT2GEUF9HG6&marketplace=FLIPKART&srno=b_2_59&otracker=browse&fm=organic&iid=732afd11-6816-4e04-ae40-dde9441b1be7.KTAFZHX5QGHPT2GE.SEARCH&ssid=iorvea82mo0000001612105795559,
3,women cotton kurta straight,10,KTAFZZ4RNXZQV4FZ,Women Solid Denim Straight Kurta  (Blue),FOREVER YOU,Clothing and Accessories,"Kurtas, Ethnic Sets and Bottoms",https://www.flipkart.com/forever-young-men-solid-straight-kurta/p/itma3c943ec41db7?pid=KTAFZZ4RNXZQV4FZ&lid=LSTKTAFZZ4RNXZQV4FZCJ6PFO&marketplace=FLIPKART&srno=b_1_35&otracker=browse&fm=organic&iid=49bddf82-5ad4-48ae-b8fd-461f09d7aad3.KTAFZZ4RNXZQV4FZ.SEARCH&ssid=fcez6dnsu80000001612105794356,
4,men slim fit formal shirt,1,SHTFM32Z8M6GSSRT,Men Slim Fit Printed Formal Shirt,True Bl,Clothing and Accessories,Topwear,https://www.flipkart.com/true-blue-men-printed-formal-shirt/p/itm0880101736dbd?pid=SHTFM32Z8M6GSSRT&lid=LSTSHTFM32Z8M6GSSRT8CPAKC&marketplace=FLIPKART&srno=b_16_602&otracker=browse&fm=organic&iid=34363dcb-80f9-4efb-b4b0-bf50052ed564.SHTFM32Z8M6GSSRT.SEARCH&ssid=kuhf8u8ypc0000001612413066984,
4,men slim fit formal shirt,2,SHTFM7GXHHHYKH6M,Men Slim Fit Solid Formal Shirt,True Bl,Clothing and Accessories,Topwear,https://www.flipkart.com/true-blue-men-solid-formal-orange-shirt/p/itm3ccaa412352d5?pid=SHTFM7GXHHHYKH6M&lid=LSTSHTFM7GXHHHYKH6MHEOG8M&marketplace=FLIPKART&srno=b_20_792&otracker=browse&fm=organic&iid=16297038-8c00-464b-aa05-45e6bb94e5b0.SHTFM7GXHHHYKH6M.SEARCH&ssid=u3cx6pbfwg0000001612413070329,
4,men slim fit formal shirt,3,SHTFNNZ4BWQGHFAK,Men Slim Fit Printed Formal Shirt,True Bl,Clothing and Accessories,Topwear,https://www.flipkart.com/true-blue-men-printed-formal-red-shirt/p/itm96f23908c6b0e?pid=SHTFNNZ4BWQGHFAK&lid=LSTSHTFNNZ4BWQGHFAKDEUVL6&marketplace=FLIPKART&srno=b_9_329&otracker=browse&fm=organic&iid=5afd4b58-43a6-44db-a41a-663ec9fadd7d.SHTFNNZ4BWQGHFAK.SEARCH&ssid=wlca702jts0000001612413061581,
4,men slim fit formal shirt,4,SHTFYAUNZC4W8WFZ,Men Slim Fit Solid Formal Shirt,Purple Sta,Clothing and Accessories,Topwear,https://www.flipkart.com/purple-state-men-solid-formal-blue-shirt/p/itm59ae9d28f408a?pid=SHTFYAUNZC4W8WFZ&lid=LSTSHTFYAUNZC4W8WFZWYWWJE&marketplace=FLIPKART&srno=b_2_73&otracker=browse&fm=organic&iid=7d16ed2b-c990-4b2f-8fd5-efd7bbdffe8d.SHTFYAUNZC4W8WFZ.SEARCH&ssid=n5ldf7uo1s0000001612411851190,
4,men slim fit formal shirt,5,SHTFYVTZEWGW8AVC,Men Slim Fit Solid Formal Shirt,Purple Sta,Clothing and Accessories,Topwear,https://www.flipkart.com/purple-state-men-solid-formal-blue-shirt/p/itm498d707579e10?pid=SHTFYVTZEWGW8AVC&lid=LSTSHTFYVTZEWGW8AVCI1S3XG&marketplace=FLIPKART&srno=b_3_98&otracker=browse&fm=organic&iid=c380c5f4-dbbe-4c29-bc67-8aaf1b4efcbc.SHTFYVTZEWGW8AVC.SEARCH&ssid=8ulls7kjc00000001612411852203,
4,men slim fit formal shirt,6,SHTFYVTNDGRDKFXC,Men Slim Fit Solid Formal Shirt,Purple Sta,Clothing and Accessories,Topwear,https://www.flipkart.com/purple-state-men-solid-formal-black-shirt/p/itma3b749f5e0d31?pid=SHTFYVTNDGRDKFXC&lid=LSTSHTFYVTNDGRDKFXCJGQISK&marketplace=FLIPKART&srno=b_3_83&otracker=browse&fm=organic&iid=c380c5f4-dbbe-4c29-bc67-8aaf1b4efcbc.SHTFYVTNDGRDKFXC.SEARCH&ssid=8ulls7kjc00000001612411852203,
4,men slim fit formal shirt,7,SHTFM3FJCNNBQN4H,Women Slim Fit Printed Formal Shirt,True Bl,Clothing and Accessories,Topwear,https://www.flipkart.com/true-blue-men-printed-formal-green-shirt/p/itm55e2251cc1fbe?pid=SHTFM3FJCNNBQN4H&lid=LSTSHTFM3FJCNNBQN4H4HC1FT&marketplace=FLIPKART&srno=b_25_975&otracker=browse&fm=organic&iid=ae4b38bf-e9d7-4b94-890f-75fdd82ff093.SHTFM3FJCNNBQN4H.SEARCH&ssid=totakr752o0000001612413075367,
4,men slim fit formal shirt,8,SHTFYVTNUEGD79EF,Men Slim Fit Printed Formal Shirt,Purple Sta,Clothing and Accessories,Topwear,https://www.flipkart.com/purple-state-men-printed-formal-blue-shirt/p/itmbc2736952620a?pid=SHTFYVTNUEGD79EF&lid=LSTSHTFYVTNUEGD79EFRNCMG8&marketplace=FLIPKART&srno=b_2_70&otracker=browse&fm=organic&iid=7d16ed2b-c990-4b2f-8fd5-efd7bbdffe8d.SHTFYVTNUEGD79EF.SEARCH&ssid=n5ldf7uo1s0000001612411851190,
4,men slim fit formal shirt,9,SHTFXH9KZRGWU4GQ,Men Slim Fit Printed Formal Shirt,Purple Sta,Clothing and Accessories,Topwear,https://www.flipkart.com/purple-state-men-printed-formal-blue-shirt/p/itmc8124703e6439?pid=SHTFXH9KZRGWU4GQ&lid=LSTSHTFXH9KZRGWU4GQVHPYZ7&marketplace=FLIPKART&srno=b_2_72&otracker=browse&fm=organic&iid=7d16ed2b-c990-4b2f-8fd5-efd7bbdffe8d.SHTFXH9KZRGWU4GQ.SEARCH&ssid=n5ldf7uo1s0000001612411851190,
4,men slim fit formal shirt,10,SHTFYVTNNB2ZBXXP,Women Slim Fit Solid Formal Shirt,Purple Sta,Clothing and Accessories,Topwear,https://www.flipkart.com/purple-state-men-solid-formal-black-shirt/p/itm03c0c40ff4b39?pid=SHTFYVTNNB2ZBXXP&lid=LSTSHTFYVTNNB2ZBXXPF7VN01&marketplace=FLIPKART&srno=b_3_117&otracker=browse&fm=organic&iid=c380c5f4-dbbe-4c29-bc67-8aaf1b4efcbc.SHTFYVTNNB2ZBXXP.SEARCH&ssid=8ulls7kjc00000001612411852203,
5,men running shoes black,1,SHOESS9ZGMH7CURM,Running Shoes For Men  (Multicolor),Vector,Footwear,Men's Footwear,https://www.flipkart.com/vector-x-running-shoes-men/p/itmf3xzgmb7atn5f?pid=SHOESS9ZGMH7CURM&lid=LSTSHOESS9ZGMH7CURMDOATFP&marketplace=FLIPKART&srno=b_4_122&otracker=nmenu_sub_Men_0_Footwear&fm=organic&iid=39cd0f32-17f1-4b96-b66f-031eb5a9fa63.SHOESS9ZGMH7CURM.SEARCH&ssid=oxr1fcm7ps0000001612688549818,
5,men running shoes black,2,SHOESS9ZEZ6TEQUJ,Running Shoes For Men  (Multicolor),Vector,Footwear,Men's Footwear,https://www.flipkart.com/vector-x-running-shoes-men/p/itmf3xuxnmgfxzbm?pid=SHOESS9ZEZ6TEQUJ&lid=LSTSHOESS9ZEZ6TEQUJ4D6FNX&marketplace=FLIPKART&srno=b_5_166&otracker=nmenu_sub_Men_0_Footwear&fm=organic&iid=2c9c6405-15f7-4765-be59-536d21002294.SHOESS9ZEZ6TEQUJ.SEARCH&ssid=z6yjmdcc8w0000001612688550527,
5,men running shoes black,3,SHOEP5GUQYYFKYSN,Running Shoes For Women  (White),Vector,Footwear,Men's Footwear,https://www.flipkart.com/vector-x-running-shoes-men/p/itmf3yydhhwd7qzu?pid=SHOEP5GUQYYFKYSN&lid=LSTSHOEP5GUQYYFKYSN4XKOHH&marketplace=FLIPKART&srno=b_4_137&otracker=nmenu_sub_Men_0_Footwear&fm=organic&iid=39cd0f32-17f1-4b96-b66f-031eb5a9fa63.SHOEP5GUQYYFKYSN.SEARCH&ssid=oxr1fcm7ps0000001612688549818,
5,men running shoes black,4,SHOEWQKVSGFGXPQF,Running Shoes For Men  (Blue),Vector,Footwear,Men's Footwear,https://www.flipkart.com/vector-x-running-shoes-men/p/itmf3xdugferhzce?pid=SHOEWQKVSGFGXPQF&lid=LSTSHOEWQKVSGFGXPQFVSNQYV&marketplace=FLIPKART&srno=b_2_79&otracker=nmenu_sub_Men_0_Footwear&fm=organic&iid=ed342989-9f17-43c2-b620-87aa4485e449.SHOEWQKVSGFGXPQF.SEARCH&ssid=3u6pawgow00000001612688548473,
5,men running shoes black,5,SHOFTZFPNCU4VWHK,Running Shoes For Men  (Black),Bone,Footwear,Men's Footwear,https://www.flipkart.com/bonexy-running-shoes-men/p/itm3fd741aa7aad9?pid=SHOFTZFPNCU4VWHK&lid=LSTSHOFTZFPNCU4VWHKFOUZDA&marketplace=FLIPKART&srno=b_1_34&otracker=nmenu_sub_Men_0_Footwear&fm=organic&iid=en_3kpBMtdW7fwdN2mzRK9SFI8wUth7UF5fedOtqcbDGKpVsCU8MerG3VEr1eas9C4QHzdMWqyWMQ9egLPiPX8N0w%3D%3D&ssid=9a2pecj24w0000001612687773586,
5,men running shoes black,6,SHOEYF5UHUUH5ADZ,"Running Shoes For Women  (Blue, Orange)",Vector,Footwear,Men's Footwear,https://www.flipkart.com/vector-x-running-shoes-men/p/itmf3xzebedfznjh?pid=SHOEYF5UHUUH5ADZ&lid=LSTSHOEYF5UHUUH5ADZN4MAM0&marketplace=FLIPKART&srno=b_4_144&otracker=nmenu_sub_Men_0_Footwear&fm=organic&iid=39cd0f32-17f1-4b96-b66f-031eb5a9fa63.SHOEYF5UHUUH5ADZ.SEARCH&ssid=oxr1fcm7ps0000001612688549818,
5,men running shoes black,7,SHOFTZFQP8W9G86F,Running Shoes For Women  (Black),Bone,Footwear,Men's Footwear,https://www.flipkart.com/bonexy-running-shoes-men/p/itm3fd741aa7aad9?pid=SHOFTZFQP8W9G86F&lid=LSTSHOFTZFQP8W9G86FVMVHU0&marketplace=FLIPKART&srno=b_2_77&otracker=nmenu_sub_Men_0_Footwear&fm=organic&iid=88d4419d-60b6-4a7b-83d5-083647273b93.SHOFTZFQP8W9G86F.SEARCH&ssid=kok955yw6o0000001612687774372,
5,men running shoes black,8,SRTEANYGVPHHUZTH,Solid Men Black Running Shorts,T10 Spor,Clothing and Accessories,Bottomwear,https://www.flipkart.com/t10-sports-solid-men-black-running-shorts/p/itmf3y3s3ycnzmdm?pid=SRTEANYGVPHHUZTH&lid=LSTSRTEANYGVPHHUZTHW032TQ&marketplace=FLIPKART&srno=b_2_53&otracker=browse&fm=organic&iid=5998a086-6344-4e5c-a4ee-4d2c29c89628.SRTEANYGVPHHUZTH.SEARCH&ssid=qjhlrst25c0000001612412002737,
5,men running shoes black,9,SHOFTZFQQYKC8HY6,Running Shoes For Men  (Yellow),Bone,Footwear,Men's Footwear,https://www.flipkart.com/bonexy-running-shoes-men/p/itm303be8ba7cb68?pid=SHOFTZFQQYKC8HY6&lid=LSTSHOFTZFQQYKC8HY6QA3HOX&marketplace=FLIPKART&srno=b_1_20&otracker=nmenu_sub_Men_0_Footwear&fm=organic&iid=en_3kpBMtdW7fwdN2mzRK9SFI8wUth7UF5fedOtqcbDGKpnQy7dSItoLffK3g3C%2Ff5z%2FCLa2nLGY9TDiqqzStUryw%3D%3D&ssid=9a2pecj24w0000001612687773586,
5,men running shoes black,10,SRTFUYPNXZQXGKWW,Solid Men Black Running Shorts,M7 By Metrona,Clothing and Accessories,Bottomwear,https://www.flipkart.com/m7-metronaut-solid-men-black-running-shorts/p/itmead12f6cdeb47?pid=SRTFUYPNXZQXGKWW&lid=LSTSRTFUYPNXZQXGKWWKYU7J5&marketplace=FLIPKART&srno=b_3_104&otracker=browse&fm=organic&iid=db493d65-d315-462c-a0a2-eb1c202ecdd6.SRTFUYPNXZQXGKWW.SEARCH&ssid=gu09pcv6xs0000001612113600938,
